{
  "lakshadweep": [
    9.983665983851342,
    72.93310487031492
  ],
  "akunellikudur": [
    16.5663805,
    78.41025429999999
  ]
}